This file is a merged representation of the entire codebase, combined into a single document by Repomix.

<file_summary>
This section contains a summary of this file.

<purpose>
This file contains a packed representation of the entire repository's contents.
It is designed to be easily consumable by AI systems for analysis, code review,
or other automated processes.
</purpose>

<file_format>
The content is organized as follows:
1. This summary section
2. Repository information
3. Directory structure
4. Repository files (if enabled)
5. Multiple file entries, each consisting of:
  - File path as an attribute
  - Full contents of the file
</file_format>

<usage_guidelines>
- This file should be treated as read-only. Any changes should be made to the
  original repository files, not this packed version.
- When processing this file, use the file path to distinguish
  between different files in the repository.
- Be aware that this file may contain sensitive information. Handle it with
  the same level of security as you would the original repository.
</usage_guidelines>

<notes>
- Some files may have been excluded based on .gitignore rules and Repomix's configuration
- Binary files are not included in this packed representation. Please refer to the Repository Structure section for a complete list of file paths, including binary files
- Files matching patterns in .gitignore are excluded
- Files matching default ignore patterns are excluded
- Files are sorted by Git change count (files with more changes are at the bottom)
</notes>

</file_summary>

<directory_structure>
accounts/
  accounts_list.json
  all_accounts.json
  list.json
agreements/
  agreements_list.json
  list.json
products/
  catalog.json
profile/
  account_consent.json
  product_consent.json
</directory_structure>

<files>
This section contains the contents of the repository's files.

<file path="accounts/accounts_list.json">
{
    "data": {
        "account": [
            {
                "accountId": "acc-3693",
                "status": "Enabled",
                "currency": "RUB",
                "accountType": "Personal",
                "accountSubType": "Checking",
                "nickname": "Checking счет",
                "openingDate": "2024-10-30",
                "account": [
                    {
                        "schemeName": "RU.CBR.PAN",
                        "identification": "4081781026003054973",
                        "name": "Сидоров Сидор Сидорович (ИП, team260)"
                    }
                ]
            }
        ]
    },
    "links": {
        "self": "/accounts"
    },
    "meta": {
        "totalPages": 1
    }
}
</file>

<file path="accounts/all_accounts.json">
import requests
import json
import os

# --- КОНФИГУРАЦИЯ ---
CLIENT_ID = "team260"
CLIENT_SECRET = "wPnKt4ljvSh63JpV0Pmmqp2OeNFHWcYN"

# ! ВАЖНО: Если в ABank пусто, данные скорее всего в VBank.
# Попробуйте сначала vbank, если нужны данные. Если нужен именно abank, раскомментируйте вторую строку.
BASE_URL = "https://vbank.open.bankingapi.ru" 
# BASE_URL = "https://abank.open.bankingapi.ru"

TARGET_USER_ID = f"{CLIENT_ID}-1" 
OUTPUT_DIR = "team260_data"

session = requests.Session()

def setup_directories():
    folders = [f"{OUTPUT_DIR}/profile", f"{OUTPUT_DIR}/accounts", f"{OUTPUT_DIR}/products", f"{OUTPUT_DIR}/agreements"]
    for folder in folders:
        os.makedirs(folder, exist_ok=True)
    print(f"📂 Директория: {OUTPUT_DIR} (Банк: {BASE_URL})")

def save_json(data, filename, folder):
    filepath = os.path.join(OUTPUT_DIR, folder, filename)
    with open(filepath, 'w', encoding='utf-8') as f:
        json.dump(data, f, ensure_ascii=False, indent=4)
    print(f"   💾 Saved: {folder}/{filename}")

def get_bank_token():
    print("\n🔐 Авторизация...")
    url = f"{BASE_URL}/auth/bank-token"
    # Добавляем client_id в URL для надежности, хотя для auth это обычно POST body/query mix
    params = {"client_id": CLIENT_ID, "client_secret": CLIENT_SECRET}
    try:
        resp = session.post(url, params=params)
        resp.raise_for_status()
        return resp.json().get("access_token")
    except Exception as e:
        print(f"   ❌ Ошибка авторизации: {e}")
        exit(1)

def create_consent(token, type_):
    headers = {
        "Authorization": f"Bearer {token}",
        "X-Requesting-Bank": CLIENT_ID,
        "Content-Type": "application/json"
    }
    
    # ОБЯЗАТЕЛЬНО: добавляем client_id в query params для всех POST запросов с bank_token
    params = {"client_id": TARGET_USER_ID} 

    if type_ == "accounts":
        url = f"{BASE_URL}/account-consents/request"
        body = {
            "client_id": TARGET_USER_ID,
            "permissions": ["ReadAccountsDetail", "ReadBalances", "ReadTransactionsDetail"],
            "reason": "Hackathon Export",
            "requesting_bank": CLIENT_ID,
            "requesting_bank_name": "Team 260 App"
        }
        filename = "account_consent.json"
    else:
        url = f"{BASE_URL}/product-agreement-consents/request"
        body = {
            "client_id": TARGET_USER_ID,
            "requesting_bank": CLIENT_ID,
            "read_product_agreements": True,
            "open_product_agreements": False,
            "close_product_agreements": False,
            "allowed_product_types": ["deposit", "credit", "card", "account"], # Добавил account на всякий случай
            "reason": "Hackathon Export"
        }
        filename = "product_consent.json"

    try:
        # ! ИСПРАВЛЕНИЕ: передаем params={"client_id": ...}
        resp = session.post(url, headers=headers, json=body, params=params)
        resp.raise_for_status()
        data = resp.json()
        # Иногда API возвращает consentId (camelCase), иногда consent_id (snake_case)
        c_id = data.get("consent_id") or data.get("data", {}).get("consentId")
        save_json(data, filename, "profile")
        print(f"   ✅ Согласие ({type_}) создано: {c_id}")
        return c_id
    except requests.exceptions.RequestException as e:
        print(f"   ❌ Ошибка ({type_}): {e}")
        if e.response is not None:
            print(f"   Ответ: {e.response.text}")
        return None

def fetch_data(token, acc_consent, prod_consent):
    base_headers = {"Authorization": f"Bearer {token}", "X-Requesting-Bank": CLIENT_ID}
    
    # --- СЧЕТА ---
    print("\n📡 Сбор данных по счетам...")
    if acc_consent:
        headers = base_headers.copy()
        headers["X-Consent-Id"] = acc_consent
        try:
            # Добавлен client_id в params
            resp = session.get(f"{BASE_URL}/accounts", headers=headers, params={"client_id": TARGET_USER_ID})
            if resp.status_code == 200:
                data = resp.json()
                save_json(data, "list.json", "accounts")
                # Унификация поиска списка
                accounts = data.get("data", {}).get("accounts", [])
                if not accounts: accounts = data.get("accounts", [])
                
                print(f"   Найдено счетов: {len(accounts)}")
                
                for acc in accounts:
                    aid = acc.get("accountId")
                    print(f"   ⬇️ Счет {aid}: детали, баланс, транзакции...")
                    # Детали
                    save_json(session.get(f"{BASE_URL}/accounts/{aid}", headers=headers, params={"client_id": TARGET_USER_ID}).json(), f"{aid}_details.json", "accounts")
                    # Баланс
                    save_json(session.get(f"{BASE_URL}/accounts/{aid}/balances", headers=headers, params={"client_id": TARGET_USER_ID}).json(), f"{aid}_balance.json", "accounts")
                    # Транзакции
                    save_json(session.get(f"{BASE_URL}/accounts/{aid}/transactions", headers=headers, params={"client_id": TARGET_USER_ID, "limit": 1000}).json(), f"{aid}_transactions.json", "accounts")
        except Exception as e: print(f"❌ Ошибка счетов: {e}")

    # --- ДОГОВОРЫ ---
    print("\n📦 Сбор продуктов и договоров...")
    save_json(session.get(f"{BASE_URL}/products").json(), "catalog.json", "products")

    if prod_consent:
        headers = base_headers.copy()
        headers["X-Product-Agreement-Consent-Id"] = prod_consent
        try:
            # Добавлен client_id в params
            resp = session.get(f"{BASE_URL}/product-agreements", headers=headers, params={"client_id": TARGET_USER_ID})
            if resp.status_code == 200:
                data = resp.json()
                save_json(data, "list.json", "agreements")
                
                agreements = data.get("data", {}).get("agreements", [])
                if not agreements: agreements = data.get("agreements", []) # Fallback
                
                print(f"   Найдено договоров: {len(agreements)}")
                for agr in agreements:
                    ag_id = agr.get("agreementId")
                    print(f"   ⬇️ Договор {ag_id}...")
                    save_json(session.get(f"{BASE_URL}/product-agreements/{ag_id}", headers=headers, params={"client_id": TARGET_USER_ID}).json(), f"{ag_id}.json", "agreements")
        except Exception as e: print(f"❌ Ошибка договоров: {e}")

if __name__ == "__main__":
    setup_directories()
    tk = get_bank_token()
    ac_id = create_consent(tk, "accounts")
    pr_id = create_consent(tk, "products")
    fetch_data(tk, ac_id, pr_id)
    print("\n✅ Готово.")
</file>

<file path="accounts/list.json">
{
    "data": {
        "account": [
            {
                "accountId": "acc-3693",
                "status": "Enabled",
                "currency": "RUB",
                "accountType": "Personal",
                "accountSubType": "Checking",
                "nickname": "Checking счет",
                "openingDate": "2024-10-30",
                "account": [
                    {
                        "schemeName": "RU.CBR.PAN",
                        "identification": "4081781026003054973",
                        "name": "Сидоров Сидор Сидорович (ИП, team260)"
                    }
                ]
            }
        ]
    },
    "links": {
        "self": "/accounts"
    },
    "meta": {
        "totalPages": 1
    }
}
</file>

<file path="agreements/agreements_list.json">
{
    "data": [
        {
            "agreement_id": "dep-team260-3-1080",
            "product_id": "deposit-reliable",
            "product_name": "Вклад \"Надежный\"",
            "product_type": "deposit",
            "amount": 326674.25,
            "status": "active",
            "start_date": "2025-05-14T12:48:14.206336",
            "end_date": null,
            "account_number": "4081781026003054973"
        },
        {
            "agreement_id": "loan-team260-3-0447",
            "product_id": "prod-81008287967b",
            "product_name": "Ипотека VBank 9.3%",
            "product_type": "loan",
            "amount": 895465.41,
            "status": "active",
            "start_date": "2025-07-24T12:48:14.207067",
            "end_date": null,
            "account_number": "4081781026003054973"
        },
        {
            "agreement_id": "dep-team260-3-1110",
            "product_id": "deposit-reliable",
            "product_name": "Вклад \"Надежный\"",
            "product_type": "deposit",
            "amount": 680546.49,
            "status": "active",
            "start_date": "2025-08-03T12:39:14.037776",
            "end_date": null,
            "account_number": "4081781026003054973"
        },
        {
            "agreement_id": "loan-team260-3-0467",
            "product_id": "prod-81008287967b",
            "product_name": "Ипотека VBank 9.3%",
            "product_type": "loan",
            "amount": 1370677.42,
            "status": "active",
            "start_date": "2025-05-30T12:23:08.447996",
            "end_date": null,
            "account_number": "4081781026003054973"
        },
        {
            "agreement_id": "loan-team260-3",
            "product_id": "loan-consumer",
            "product_name": "Потребительский кредит",
            "product_type": "loan",
            "amount": 1355247.33,
            "status": "active",
            "start_date": "2024-10-30T17:59:31.391105",
            "end_date": null,
            "account_number": null
        }
    ],
    "meta": {
        "total": 5
    }
}
</file>

<file path="agreements/list.json">
{
    "data": [
        {
            "agreement_id": "dep-team260-3-1080",
            "product_id": "deposit-reliable",
            "product_name": "Вклад \"Надежный\"",
            "product_type": "deposit",
            "amount": 326674.25,
            "status": "active",
            "start_date": "2025-05-14T12:48:14.206336",
            "end_date": null,
            "account_number": "4081781026003054973"
        },
        {
            "agreement_id": "loan-team260-3-0447",
            "product_id": "prod-81008287967b",
            "product_name": "Ипотека VBank 9.3%",
            "product_type": "loan",
            "amount": 895465.41,
            "status": "active",
            "start_date": "2025-07-24T12:48:14.207067",
            "end_date": null,
            "account_number": "4081781026003054973"
        },
        {
            "agreement_id": "dep-team260-3-1110",
            "product_id": "deposit-reliable",
            "product_name": "Вклад \"Надежный\"",
            "product_type": "deposit",
            "amount": 680546.49,
            "status": "active",
            "start_date": "2025-08-03T12:39:14.037776",
            "end_date": null,
            "account_number": "4081781026003054973"
        },
        {
            "agreement_id": "loan-team260-3-0467",
            "product_id": "prod-81008287967b",
            "product_name": "Ипотека VBank 9.3%",
            "product_type": "loan",
            "amount": 1370677.42,
            "status": "active",
            "start_date": "2025-05-30T12:23:08.447996",
            "end_date": null,
            "account_number": "4081781026003054973"
        },
        {
            "agreement_id": "loan-team260-3",
            "product_id": "loan-consumer",
            "product_name": "Потребительский кредит",
            "product_type": "loan",
            "amount": 1355247.33,
            "status": "active",
            "start_date": "2024-10-30T17:59:31.391105",
            "end_date": null,
            "account_number": null
        }
    ],
    "meta": {
        "total": 5
    }
}
</file>

<file path="products/catalog.json">
{
    "data": {
        "product": [
            {
                "productId": "prod-vbank-deposit-001",
                "productType": "deposit",
                "productName": "Накопительный депозит",
                "description": "Выгодная ставка",
                "interestRate": "8.50",
                "minAmount": "50000.00",
                "maxAmount": null,
                "termMonths": 12
            },
            {
                "productId": "prod-vbank-card-001",
                "productType": "credit_card",
                "productName": "Кредитная карта Premium",
                "description": "Кэшбэк и бонусы",
                "interestRate": "15.90",
                "minAmount": null,
                "maxAmount": null,
                "termMonths": null
            },
            {
                "productId": "prod-vbank-loan-001",
                "productType": "loan",
                "productName": "Потребительский кредит",
                "description": "Быстрое одобрение",
                "interestRate": "12.90",
                "minAmount": "50000.00",
                "maxAmount": null,
                "termMonths": 36
            },
            {
                "productId": "deposit-reliable",
                "productType": "deposit",
                "productName": "Вклад \"Надежный\"",
                "description": "Классический вклад с гарантированной доходностью",
                "interestRate": "8.50",
                "minAmount": "10000.00",
                "maxAmount": "10000000.00",
                "termMonths": 12
            },
            {
                "productId": "loan-consumer",
                "productType": "loan",
                "productName": "Потребительский кредит",
                "description": "Кредит на любые цели",
                "interestRate": "12.90",
                "minAmount": "50000.00",
                "maxAmount": "3000000.00",
                "termMonths": 60
            },
            {
                "productId": "card-debit",
                "productType": "card",
                "productName": "Дебетовая карта \"Свобода\"",
                "description": "Карта с кэшбэком 2%",
                "interestRate": null,
                "minAmount": null,
                "maxAmount": null,
                "termMonths": null
            },
            {
                "productId": "card-credit",
                "productType": "card",
                "productName": "Кредитная карта \"Лимит\"",
                "description": "Кредитная карта с льготным периодом",
                "interestRate": "19.90",
                "minAmount": "50000.00",
                "maxAmount": "500000.00",
                "termMonths": null
            },
            {
                "productId": "prod-81008287967b",
                "productType": "loan",
                "productName": "Ипотека VBank 9.3%",
                "description": null,
                "interestRate": "9.30",
                "minAmount": "1500000.00",
                "maxAmount": null,
                "termMonths": null
            }
        ]
    }
}
</file>

<file path="profile/account_consent.json">
{
    "request_id": "req-9194c17b35bf",
    "consent_id": "consent-f465ab78922c",
    "status": "approved",
    "message": "Согласие одобрено автоматически",
    "created_at": "2025-11-18T17:57:42.322868",
    "auto_approved": true
}
</file>

<file path="profile/product_consent.json">
{
    "request_id": "pagcr-c8646c898718",
    "consent_id": "pagc-48edfe2544c3",
    "status": "approved",
    "auto_approved": true,
    "message": "Согласие одобрено автоматически",
    "valid_until": "2026-11-18T17:57:42.665713Z"
}
</file>

</files>
