{
    "data": {
        "product": [
            {
                "productId": "prod-vbank-deposit-001",
                "productType": "deposit",
                "productName": "Накопительный депозит",
                "description": "Выгодная ставка",
                "interestRate": "8.50",
                "minAmount": "50000.00",
                "maxAmount": null,
                "termMonths": 12
            },
            {
                "productId": "prod-vbank-card-001",
                "productType": "credit_card",
                "productName": "Кредитная карта Premium",
                "description": "Кэшбэк и бонусы",
                "interestRate": "15.90",
                "minAmount": null,
                "maxAmount": null,
                "termMonths": null
            },
            {
                "productId": "prod-vbank-loan-001",
                "productType": "loan",
                "productName": "Потребительский кредит",
                "description": "Быстрое одобрение",
                "interestRate": "12.90",
                "minAmount": "50000.00",
                "maxAmount": null,
                "termMonths": 36
            },
            {
                "productId": "deposit-reliable",
                "productType": "deposit",
                "productName": "Вклад \"Надежный\"",
                "description": "Классический вклад с гарантированной доходностью",
                "interestRate": "8.50",
                "minAmount": "10000.00",
                "maxAmount": "10000000.00",
                "termMonths": 12
            },
            {
                "productId": "loan-consumer",
                "productType": "loan",
                "productName": "Потребительский кредит",
                "description": "Кредит на любые цели",
                "interestRate": "12.90",
                "minAmount": "50000.00",
                "maxAmount": "3000000.00",
                "termMonths": 60
            },
            {
                "productId": "card-debit",
                "productType": "card",
                "productName": "Дебетовая карта \"Свобода\"",
                "description": "Карта с кэшбэком 2%",
                "interestRate": null,
                "minAmount": null,
                "maxAmount": null,
                "termMonths": null
            },
            {
                "productId": "card-credit",
                "productType": "card",
                "productName": "Кредитная карта \"Лимит\"",
                "description": "Кредитная карта с льготным периодом",
                "interestRate": "19.90",
                "minAmount": "50000.00",
                "maxAmount": "500000.00",
                "termMonths": null
            },
            {
                "productId": "prod-81008287967b",
                "productType": "loan",
                "productName": "Ипотека VBank 9.3%",
                "description": null,
                "interestRate": "9.30",
                "minAmount": "1500000.00",
                "maxAmount": null,
                "termMonths": null
            }
        ]
    }
}