{
    "data": {
        "balance": [
            {
                "accountId": "acc-3691",
                "type": "InterimAvailable",
                "dateTime": "2025-11-18T18:17:17.170141Z",
                "amount": {
                    "amount": "87792.69",
                    "currency": "RUB"
                },
                "creditDebitIndicator": "Credit"
            },
            {
                "accountId": "acc-3691",
                "type": "InterimBooked",
                "dateTime": "2025-11-18T18:17:17.170151Z",
                "amount": {
                    "amount": "87792.69",
                    "currency": "RUB"
                },
                "creditDebitIndicator": "Credit"
            }
        ]
    }
}