{
    "data": {
        "account": [
            {
                "accountId": "acc-3693",
                "status": "Enabled",
                "currency": "RUB",
                "accountType": "Personal",
                "accountSubType": "Checking",
                "nickname": "Checking счет",
                "openingDate": "2024-10-30",
                "account": [
                    {
                        "schemeName": "RU.CBR.PAN",
                        "identification": "4081781026003054973",
                        "name": "Сидоров Сидор Сидорович (ИП, team260)"
                    }
                ]
            }
        ]
    },
    "links": {
        "self": "/accounts"
    },
    "meta": {
        "totalPages": 1
    }
}